Rails エンジニア,株式会社STARK CONSULTING,ポートフォリオ作成経験があるRails学習中の方募集！,https://www.wantedly.com/projects/492316
エンジニア、プログラマー、SE,株式会社STARK CONSULTING,プログラミングスクール卒業者募集！,https://www.wantedly.com/projects/492321
エンジニア全般,株式会社STARK CONSULTING,SESでフリーランスエンジニアとして様々な現場で働きたい方募集！,https://www.wantedly.com/projects/492319
Rubyエンジニア,株式会社グロシード,Ruby on Railsの開発案件でスキルアップを目指すエンジニア募集！,https://www.wantedly.com/projects/394306
経験不問／Webエンジニア,株式会社グロシード,独学、素敵です！次の一手！育成事業を手掛ける当社でお話しませんか！,https://www.wantedly.com/projects/357952
バックエンドエンジニア,株式会社グロシード,Ruby on RailsでECサイト開発！バックエンドエンジニア募集！,https://www.wantedly.com/projects/621649
Rubyエンジニア,株式会社グロシード,Web業界で活躍する、Rubyリードエンジニアを募集！,https://www.wantedly.com/projects/574664
バックエンドエンジニア,株式会社グロシード,WEBサイトの機能を開発する！バックエンドエンジニア募集！,https://www.wantedly.com/projects/589851
バックエンドエンジニア,株式会社グロシード,フリーランス歓迎！人生のハンドルを自ら握るバックエンドエンジニア募集！,https://www.wantedly.com/projects/556112
Webエンジニア,株式会社HUNTER,エンジニアの視点で、保育業界の課題解決に挑みたいエンジニアWANTED！,https://www.wantedly.com/projects/286696
webエンジニア,株式会社HUNTER,保育×ITのスタートアップでRubyを極めたいバックエンドエンジニア募集！,https://www.wantedly.com/projects/338015
webエンジニア,株式会社HUNTER,フリーランスになる前に、実績作りとしてサービス開発を手伝ってくれる方募集中,https://www.wantedly.com/projects/293097
webエンジニア,株式会社HUNTER,保育業界をテクノロジーで改革！RubyエンジニアWANTED！！,https://www.wantedly.com/projects/338019
webエンジニア,株式会社HUNTER,コアメンバーとして、事業開発の力も身に着けたいエンジニア歓迎WANTED！,https://www.wantedly.com/projects/338018
webエンジニア,株式会社HUNTER,市場にインパクトを！保育業界の課題解決に挑みたいエンジニア募集！,https://www.wantedly.com/projects/331991
Webエンジニア,株式会社HUNTER,CTO募集！組織作りから技術リードを担当してくるコアメンバーを募集,https://www.wantedly.com/projects/332033
バックエンドエンジニア,株式会社ライトコード,東京/未来を切り拓く！WEBシステム開発のバックエンドエンジニア募集！,https://www.wantedly.com/projects/619120
バックエンドエンジニア,株式会社ライトコード,東京/BtoC向けWEBシステム開発のバックエンドエンジニア募集！,https://www.wantedly.com/projects/336370
フロントエンドエンジニア,株式会社ライトコード,東京/BtoC向けWEBシステム開発のフロントエンドエンジニア募集！,https://www.wantedly.com/projects/628439
未経験サーバーサイドエンジニア,株式会社GIG,ゼロからWebエンジニアを目指す！学んだことを実務で活かしたい方を募集,https://www.wantedly.com/projects/211202
未経験エンジニア,株式会社GIG,学んだことを活かして実務に挑戦したい、サーバーサイドエンジニアを募集！,https://www.wantedly.com/projects/206989
フロントエンドエンジニア,株式会社LegalForce,新サービス開発を通してフロントエンドを極めたいエンジニアWanted!,https://www.wantedly.com/projects/615105
フロントエンドエンジニア,株式会社LegalForce,新サービス開発を通してフロントエンドを極めたいエンジニアWanted!,https://www.wantedly.com/projects/566363
Rubyエンジニア,シアトルコンサルティング株式会社,HR-Tech、SaaS開発に興味のあるRuby経験者をWanted！,https://www.wantedly.com/projects/341574
フロントエンドエンジニア,株式会社ジャストワーク,100%自社内開発！フロントエンドエンジニア募集！,https://www.wantedly.com/projects/346388
Webエンジニア,株式会社エイプリルナイツ,仕事後にゲームを一緒にやりませんか！？ゲーム大好きエンジニアwanted!,https://www.wantedly.com/projects/261194
Webエンジニア,株式会社アフェックス,社内イベント多数！大手企業の案件開発を担うサーバーサイドエンジニア募集！,https://www.wantedly.com/projects/305820
Webエンジニア,株式会社アフェックス,成果が実感出来る案件を抱えるユーザー様多数！サーバサイドエンジニア募集！,https://www.wantedly.com/projects/311038
CTO候補,株式会社プレックス,物流領域のプラットフォーマーを目指すスタートアップのCTO候補募集！,https://www.wantedly.com/projects/594338
システムエンジニア,株式会社ジェネスティコンサルティング,PythonやRubyで大規模ECサイト構築がしたいエンジニア求む！,https://www.wantedly.com/projects/411981
フロントエンドエンジニア,ENECHANGE株式会社,エネルギーの未来を作るフロントエンドエンジニア募集！,https://www.wantedly.com/projects/620960
Webエンジニア,株式会社Smallit,"東京支店のメンバーをwanted!! Python,Ruby等の案件多数有",https://www.wantedly.com/projects/434815
フロントエンドエンジニア,株式会社Smallit,渋谷スクランブルスクエアからフロントエンド開発をしたいあなたをwanted,https://www.wantedly.com/projects/487289
フロントエンドエンジニア,株式会社リブセンス,"ソフトウェアエンジニア,フロントエンド: UXとDXの両方を整備し提供する",https://www.wantedly.com/projects/212506
CTO,LBV株式会社,SaaS一元管理プラットフォームの開発チームをリードするCTO候補募集！,https://www.wantedly.com/projects/618226
フロントエンドやアプリ開発！,セルプロモート株式会社,Go/Ruby/Javaなど幅広い言語を選択！WEBエンジニア募集！,https://www.wantedly.com/projects/537497
バックエンドエンジニア,株式会社Nextat,抜群の成長環境でゴリゴリコードを書きたいエンジニア探しています！,https://www.wantedly.com/projects/438143
客先常駐エンジニア,株式会社Nextat,開発に集中できる環境で技術力に磨きをかけたいエンジニアの方探しています！！,https://www.wantedly.com/projects/411584
バックエンドエンジニア,株式会社Nextat,エンジニアファーストのベンチャー企業でバリバリコードを書きたい方募集！,https://www.wantedly.com/projects/436547
バックエンドエンジニア,株式会社Nextat,優秀なエンジニアに囲まれてゴリゴリコードを書きたいエンジニア探しています！,https://www.wantedly.com/projects/442407
バックエンドエンジニア,株式会社Nextat,様々な案件に常駐し開発に集中したいエンジニア募集してます！,https://www.wantedly.com/projects/435517
Webエンジニア,株式会社Nextat,様々な案件に触れ開発力を上げたいエンジニアの方探しています！,https://www.wantedly.com/projects/427492
Webエンジニア,株式会社Nextat,開発に集中できる環境で更にレベルアップしたい東京のエンジニアいませんか？,https://www.wantedly.com/projects/421377
Webエンジニア,株式会社Nextat,キャリアアップのために開発の経験をたくさん積みたいエンジニア探しています,https://www.wantedly.com/projects/428665
Webエンジニア,株式会社Nextat,色々な案件に触れて開発の経験をバリバリ積みませんか？,https://www.wantedly.com/projects/416595
Webエンジニア,株式会社Nextat,開発の経験を積んでエンジニアとして更なる飛躍を遂げたい方探しています！,https://www.wantedly.com/projects/419817
バックエンドエンジニア,株式会社Nextat,レベルに応じて様々な案件に触れステップアップしたいエンジニア探しています‼,https://www.wantedly.com/projects/433687
客先常駐エンジニア,株式会社Nextat,客先常駐で圧倒的に技術力を身に着けたいエンジニアの方いませんか？,https://www.wantedly.com/projects/410376
バックエンドエンジニア,株式会社Nextat,技術力が売りのITベンチャーでエンジニアとしてのスキルを磨きたい方募集！,https://www.wantedly.com/projects/450014
Webエンジニア,株式会社Nextat,SES事業のスケールに力を貸してくださるエンジニアの方探しています。,https://www.wantedly.com/projects/418417
Webエンジニア,株式会社Nextat,SESで圧倒的に技術力をつけたい東京のエンジニア探しています！,https://www.wantedly.com/projects/425630
Webエンジニア,株式会社Nextat,様々な案件に触れ技術力を身に着けたい関東のエンジニア探しています！,https://www.wantedly.com/projects/422855
バックエンドエンジニア,株式会社Nextat,東京オフィスを引っ張ってくれる経験豊富なエンジニア募集！,https://www.wantedly.com/projects/451436
バックエンドエンジニア,株式会社Nextat,少数精鋭のITベンチャーでコアメンバーとなるエンジニア募集！,https://www.wantedly.com/projects/431955
バックエンドエンジニア,株式会社Nextat,会社と共に成長を楽しみたい東京のエンジニア探しています！,https://www.wantedly.com/projects/439463
バックエンドエンジニア,株式会社Nextat,事業拡大中のITベンチャーで強いエンジニアを目指しませんか？,https://www.wantedly.com/projects/446132
Webエンジニア,株式会社Nextat,Nextatの新事業の拡大を担ってくれる東京のエンジニア探しています！！,https://www.wantedly.com/projects/424674
バックエンドエンジニア,株式会社Nextat,開設したばかりの東京オフィスを盛り上げてくれるエンジニア募集！,https://www.wantedly.com/projects/444889
バックエンドエンジニア,株式会社Nextat,京都本社で技術力が強みのITベンチャーで働きませんか？,https://www.wantedly.com/projects/443518
バックエンドエンジニア,株式会社Nextat,開設したばかりの東京オフィスでコアメンバーになってくれるエンジニア募集！,https://www.wantedly.com/projects/441450
バックエンドエンジニア,株式会社Nextat,技術力を格段に向上させたい東京のエンジニア募集してます！,https://www.wantedly.com/projects/430686
バックエンドエンジニア,株式会社Nextat,裁量が大きいITベンチャーでエンジニアとして活躍したい方募集！,https://www.wantedly.com/projects/447456
Webエンジニア,株式会社Nextat,新規事業を共にリードしてくれるエンジニア探しております！！,https://www.wantedly.com/projects/415204
Webエンジニア,株式会社Nextat,様々な案件に触れ技術力に磨きをかけたいエンジニア募集,https://www.wantedly.com/projects/412849
バックエンドエンジニア,株式会社Nextat,稼働し始めたばかりの東京オフィスを引っ張ってくれるエンジニア募集！,https://www.wantedly.com/projects/448736
バックエンドエンジニア,株式会社Nextat,プログラミングが大好きな方、一緒に働きませんか？,https://www.wantedly.com/projects/454597
フロントエンドエンジニア,Patentfield株式会社,特許・技術情報を普及させるプラットフォームを支えるフロントエンジニア募集,https://www.wantedly.com/projects/615415
エンジニア,グルーヴ・ギア株式会社,モダンな開発環境でトコトン開発やりたいエンジニア募集！,https://www.wantedly.com/projects/425632
フロントエンドエンジニア,株式会社CONVICTION,経験ゼロでもエンジニアに！仲間と一緒に成長しませんか？,https://www.wantedly.com/projects/623421
未経験からWebデザイナーへ,LLL inc.,0からスタート！デザインもプログラムもできるWebデザイナーを目指す！,https://www.wantedly.com/projects/355779
フロントエンドエンジニア,株式会社ビットエー,Rails/Vue.jsプロダクトの品質向上させるエンジニア募集！,https://www.wantedly.com/projects/591002
フロントエンジニア,株式会社Elaly,家具・家電xサブスク事業を牽引していくReactエンジニア募集!!,https://www.wantedly.com/projects/558580
フロントエンドエンジニア,株式会社 BuySell Technologies,コードの先にある事業戦略まで携わりたいフロントエンドエンジニアを募集!,https://www.wantedly.com/projects/453784
フロントエンドエンジニア,株式会社Cuon,エンジニアファーストの環境で働きたい！フロントエンドエンジニアWANTED,https://www.wantedly.com/projects/613102
