Rails エンジニア,株式会社STARK CONSULTING,ポートフォリオ作成経験があるRails学習中の方募集！,https://www.wantedly.com/projects/492316
エンジニア全般,株式会社STARK CONSULTING,SESでフリーランスエンジニアとして様々な現場で働きたい方募集！,https://www.wantedly.com/projects/492319
エンジニア、プログラマー、SE,株式会社STARK CONSULTING,プログラミングスクール卒業者募集！,https://www.wantedly.com/projects/492321
Rubyエンジニア,株式会社グロシード,Ruby on Railsの開発案件でスキルアップを目指すエンジニア募集！,https://www.wantedly.com/projects/394306
経験不問／Webエンジニア,株式会社グロシード,独学、素敵です！次の一手！育成事業を手掛ける当社でお話しませんか！,https://www.wantedly.com/projects/357952
バックエンドエンジニア,株式会社グロシード,フリーランス歓迎！人生のハンドルを自ら握るバックエンドエンジニア募集！,https://www.wantedly.com/projects/556112
バックエンドエンジニア,株式会社グロシード,Ruby on RailsでECサイト開発！バックエンドエンジニア募集！,https://www.wantedly.com/projects/621649
Webエンジニア,株式会社HUNTER,エンジニアの視点で、保育業界の課題解決に挑みたいエンジニアWANTED！,https://www.wantedly.com/projects/286696
Webエンジニア,株式会社HUNTER,CTO募集！組織作りから技術リードを担当してくるコアメンバーを募集,https://www.wantedly.com/projects/332033
webエンジニア,株式会社HUNTER,市場にインパクトを！保育業界の課題解決に挑みたいエンジニア募集！,https://www.wantedly.com/projects/331991
webエンジニア,株式会社HUNTER,コアメンバーとして、事業開発の力も身に着けたいエンジニア歓迎WANTED！,https://www.wantedly.com/projects/338018
webエンジニア,株式会社HUNTER,フリーランスになる前に、実績作りとしてサービス開発を手伝ってくれる方募集中,https://www.wantedly.com/projects/293097
フロントエンドエンジニア,Patentfield株式会社,特許・技術情報を普及させるプラットフォームを支えるフロントエンジニア募集,https://www.wantedly.com/projects/615415
未経験エンジニア,株式会社GIG,学んだことを活かして実務に挑戦したい、サーバーサイドエンジニアを募集！,https://www.wantedly.com/projects/206989
未経験サーバーサイドエンジニア,株式会社GIG,ゼロからWebエンジニアを目指す！学んだことを実務で活かしたい方を募集,https://www.wantedly.com/projects/211202
エンジニア,グルーヴ・ギア株式会社,モダンな開発環境でトコトン開発やりたいエンジニア募集！,https://www.wantedly.com/projects/425632
フロントエンドエンジニア,株式会社CONVICTION,経験ゼロでもエンジニアに！仲間と一緒に成長しませんか？,https://www.wantedly.com/projects/623421
未経験からWebデザイナーへ,LLL inc.,0からスタート！デザインもプログラムもできるWebデザイナーを目指す！,https://www.wantedly.com/projects/355779
Rubyエンジニア,シアトルコンサルティング株式会社,HR-Tech、SaaS開発に興味のあるRuby経験者をWanted！,https://www.wantedly.com/projects/341574
フロントエンドエンジニア,ENECHANGE株式会社,エネルギーの未来を作るフロントエンドエンジニア募集！,https://www.wantedly.com/projects/620960
フロントエンドエンジニア,株式会社ビットエー,Rails/Vue.jsプロダクトの品質向上させるエンジニア募集！,https://www.wantedly.com/projects/591002
フロントエンジニア,株式会社Elaly,家具・家電xサブスク事業を牽引していくReactエンジニア募集!!,https://www.wantedly.com/projects/558580
フロントエンドエンジニア,株式会社LegalForce,新サービス開発を通してフロントエンドを極めたいエンジニアWanted!,https://www.wantedly.com/projects/566363
フロントエンドエンジニア,株式会社LegalForce,新サービス開発を通してフロントエンドを極めたいエンジニアWanted!,https://www.wantedly.com/projects/615105
フロントエンドエンジニア,株式会社 BuySell Technologies,コードの先にある事業戦略まで携わりたいフロントエンドエンジニアを募集!,https://www.wantedly.com/projects/453784
フロントエンドエンジニア,株式会社Cuon,エンジニアファーストの環境で働きたい！フロントエンドエンジニアWANTED,https://www.wantedly.com/projects/613102
バックエンドエンジニア,株式会社Nextat,優秀なエンジニアに囲まれてゴリゴリコードを書きたいエンジニア探しています！,https://www.wantedly.com/projects/442407
バックエンドエンジニア,株式会社Nextat,裁量が大きいITベンチャーでエンジニアとして活躍したい方募集！,https://www.wantedly.com/projects/447456
バックエンドエンジニア,株式会社Nextat,少数精鋭のITベンチャーでコアメンバーとなるエンジニア募集！,https://www.wantedly.com/projects/431955
客先常駐エンジニア,株式会社Nextat,客先常駐で圧倒的に技術力を身に着けたいエンジニアの方いませんか？,https://www.wantedly.com/projects/410376
バックエンドエンジニア,株式会社Nextat,開設したばかりの東京オフィスを盛り上げてくれるエンジニア募集！,https://www.wantedly.com/projects/444889
バックエンドエンジニア,株式会社Nextat,開設したばかりの東京オフィスでコアメンバーになってくれるエンジニア募集！,https://www.wantedly.com/projects/441450
バックエンドエンジニア,株式会社Nextat,京都本社で技術力が強みのITベンチャーで働きませんか？,https://www.wantedly.com/projects/443518
バックエンドエンジニア,株式会社Nextat,技術力を格段に向上させたい東京のエンジニア募集してます！,https://www.wantedly.com/projects/430686
バックエンドエンジニア,株式会社Nextat,会社と共に成長を楽しみたい東京のエンジニア探しています！,https://www.wantedly.com/projects/439463
バックエンドエンジニア,株式会社Nextat,事業拡大中のITベンチャーで強いエンジニアを目指しませんか？,https://www.wantedly.com/projects/446132
バックエンドエンジニア,株式会社Nextat,レベルに応じて様々な案件に触れステップアップしたいエンジニア探しています‼,https://www.wantedly.com/projects/433687
バックエンドエンジニア,株式会社Nextat,エンジニアファーストのベンチャー企業でバリバリコードを書きたい方募集！,https://www.wantedly.com/projects/436547
バックエンドエンジニア,株式会社Nextat,様々な案件に常駐し開発に集中したいエンジニア募集してます！,https://www.wantedly.com/projects/435517
バックエンドエンジニア,株式会社Nextat,抜群の成長環境でゴリゴリコードを書きたいエンジニア探しています！,https://www.wantedly.com/projects/438143